,repurchase_again
1938,0
7365,1
7308,1
5395,1
703,1
2507,1
6590,1
8338,1
688,1
2364,1
5390,1
997,0
8531,1
2774,1
9117,1
7377,0
5914,0
7656,1
5437,0
3017,1
645,1
5999,1
7408,0
1376,0
5848,1
9099,0
7968,1
6568,1
1021,1
10080,1
2097,1
3018,1
962,1
1044,1
7406,1
2859,1
5588,1
2653,0
6697,1
1344,1
3393,0
54,1
1819,0
94,1
10046,0
8487,1
5483,1
1353,1
8299,1
5740,1
9579,1
6681,1
1581,1
5750,1
1076,1
7328,1
1931,0
5763,1
10068,1
8951,1
2338,1
8845,1
7722,0
5667,1
5441,1
3385,0
7538,1
7299,0
5591,1
7562,1
1458,0
6642,1
3373,1
9206,1
349,1
1761,1
9912,1
6758,1
7907,1
9036,1
244,0
961,1
2158,1
8556,1
434,0
8934,1
7733,1
5517,1
2590,1
1753,1
1575,1
1456,0
2531,0
2041,1
478,0
3296,1
713,0
5462,1
2978,1
5425,1
5960,0
496,1
602,1
6114,1
1279,0
5679,0
5542,0
5399,1
842,0
2687,1
1274,0
2935,0
7391,1
9451,1
908,0
8265,1
91,1
6628,1
159,1
2159,1
9538,0
7761,1
564,0
7650,1
8874,1
6066,1
6505,0
6661,1
8952,0
598,1
942,1
7997,1
1786,0
2105,1
1711,0
1879,1
1943,1
841,1
1382,0
3252,1
344,1
2584,0
8482,1
2900,1
780,1
9961,1
6691,1
3074,1
8993,1
859,1
6513,0
6597,1
5915,1
2178,1
7428,0
1238,0
9196,1
7369,1
2833,0
728,1
1760,0
2896,0
9709,1
8377,1
6717,0
8473,1
10006,1
2905,1
9251,1
8267,1
275,0
7717,0
7686,1
7535,1
2723,1
40,0
5705,1
2912,1
2204,1
1104,0
329,0
8651,1
876,1
601,1
6033,1
2440,1
3289,1
5678,0
6795,1
9877,1
9144,0
998,0
10002,1
6794,1
6712,1
9061,1
9651,1
798,1
3394,0
5487,0
123,1
1179,1
2987,1
7279,0
1074,0
9976,1
7730,1
1333,1
3020,0
5715,1
1867,1
3279,1
3150,1
6655,0
1995,0
6128,1
1578,1
5338,1
7652,1
6620,1
9629,1
5608,1
1053,1
8199,1
9445,1
7677,0
5543,1
1400,1
6588,1
3231,1
6607,1
8230,1
612,0
2802,1
22,1
10099,1
561,0
1477,1
912,1
9085,1
7592,1
1598,1
719,1
5745,1
5853,1
7916,1
2565,1
3261,1
2675,1
8512,1
6019,1
2474,1
2291,1
9195,1
554,0
9661,1
2107,1
8045,1
2050,1
7402,0
1778,1
2342,1
7971,1
2750,1
100,1
8979,1
7556,1
9031,1
7941,1
2248,1
5659,0
1164,1
7851,0
8583,1
2027,1
983,1
9048,1
8907,1
7407,0
8591,1
210,1
6734,1
5878,0
2931,1
2605,0
10089,1
7836,1
8613,1
8020,0
1007,1
1242,0
7439,1
1721,1
9090,1
8498,1
3044,1
5836,1
5440,1
3025,1
2161,1
9946,0
7333,0
8196,1
2557,0
8286,1
372,1
7306,1
9494,1
9183,1
6048,1
7681,1
2591,0
7552,1
836,0
3304,1
8667,0
218,1
2994,0
9915,1
2942,1
7303,1
3395,0
3219,1
9988,1
6732,0
5337,1
6523,1
7558,1
205,0
5625,1
1377,0
1008,1
8939,1
1185,1
1849,0
8034,1
1357,1
5955,0
5832,1
2231,0
6037,1
2062,1
953,1
8294,1
9139,1
5807,1
7731,0
6671,1
5574,0
3338,1
7837,1
2249,0
5982,1
6036,1
9662,1
7950,1
1632,0
5816,1
2968,1
6658,0
1918,0
9193,1
57,1
1354,1
737,1
9918,1
9718,1
896,1
6544,1
9632,1
9955,1
648,0
3382,1
9744,1
2066,0
7701,0
2902,0
1652,1
682,1
9869,1
2497,1
1298,1
7380,1
519,1
9060,0
9571,1
5383,1
8051,0
1450,1
2391,1
7575,1
2410,1
8060,1
1798,1
8280,1
3356,1
10087,1
8659,1
7330,1
6656,1
16,1
5968,1
2265,0
6788,1
6610,1
1063,1
2069,1
9722,1
8536,1
1861,0
190,1
485,0
2869,1
7599,1
8277,1
1372,1
5909,1
9210,1
8194,1
2335,1
2148,1
7697,1
110,0
1057,1
8890,1
8638,1
2714,1
1603,1
232,1
1250,1
8336,1
1842,0
9736,1
7564,1
1916,1
7296,0
9746,1
6684,1
6754,1
935,1
1047,1
2663,1
5393,1
2199,1
37,1
1562,1
12,1
5669,1
8623,1
1389,1
599,1
5675,1
3045,1
9695,1
6752,1
1023,1
838,1
7422,1
2853,0
10021,1
7430,1
2333,1
8840,1
8909,1
1965,1
7573,1
104,1
1766,0
6587,0
1136,1
1270,0
10098,1
8332,1
517,1
3201,0
928,1
2642,0
3083,1
8024,1
8206,1
8918,1
2722,1
5550,1
6643,0
7878,1
3107,0
2981,1
7852,1
1968,0
6025,1
6678,0
9544,1
680,1
2229,0
6126,1
1953,1
165,1
5379,0
2996,1
2964,0
2034,1
2218,0
7525,1
9079,1
1608,1
8188,1
230,1
3364,0
8908,1
1497,1
7732,1
8313,1
572,0
5376,1
5718,1
8484,0
1928,1
2340,1
6030,1
10011,1
1852,1
7752,1
1302,0
887,1
7740,0
8925,1
5693,1
3227,1
322,1
11,1
17,1
7689,1
9188,1
6532,1
5664,1
2838,1
2157,1
2365,1
2957,0
6136,0
2356,1
581,1
19,1
1397,1
2634,0
5744,1
7357,1
5931,1
772,1
2328,1
3030,1
9521,1
9426,1
7728,0
495,0
9717,1
2588,1
1096,0
2452,1
7352,1
5563,1
9479,1
6125,1
9647,1
2586,1
2690,0
86,1
9092,1
1657,1
1726,0
8505,1
2814,0
481,1
7638,0
9423,1
2206,0
3126,1
7751,1
2141,1
1046,1
7434,0
2822,1
2612,1
2429,1
2228,1
771,1
3,1
1490,1
1421,1
9507,1
1006,1
967,1
2130,1
1115,1
7713,1
2366,1
7398,1
5947,1
2187,0
6592,1
640,1
3246,0
923,0
1554,1
7723,1
1969,1
7613,1
3298,1
7808,0
10085,1
7325,1
9503,1
3237,1
7987,1
393,1
1636,1
270,1
552,1
1627,1
2706,1
9928,1
3347,1
422,1
10019,1
5457,1
9071,0
8232,1
705,1
7361,1
2547,1
6535,1
2770,1
5702,1
1668,0
1337,0
194,1
5761,1
8371,1
661,1
2877,1
2355,0
361,1
6539,0
7342,1
2463,1
1128,1
2276,0
1022,1
2268,1
8380,1
773,0
13,1
2897,1
8544,1
7973,1
9999,1
6791,1
7593,1
133,0
2086,1
829,1
5630,1
779,0
663,1
2747,0
8370,0
7284,1
5945,1
9637,1
624,1
7984,1
5799,1
227,0
1032,1
5341,1
7540,1
595,1
9152,1
8510,1
5977,0
5340,1
1924,1
443,1
358,1
9023,1
1295,1
1000,1
9224,1
2334,1
8365,1
2619,1
2579,0
2008,1
191,1
895,1
7341,1
2725,0
10061,1
6598,1
9532,0
9739,1
6605,1
256,1
9016,1
5560,1
9162,1
9649,1
8307,1
2296,0
1834,0
5619,1
1039,1
472,1
8860,1
8946,1
761,0
8382,1
853,1
3387,0
1366,1
8571,1
5600,1
893,1
9956,1
1717,0
6654,1
7952,1
2149,1
5519,0
7699,1
335,1
1123,0
3299,1
2090,1
5892,1
2315,1
3102,1
1791,0
3210,0
6039,1
921,0
8508,1
9286,1
7376,1
306,0
1251,1
6770,1
5983,1
3293,1
8375,1
7534,1
5521,1
2238,0
712,0
6755,1
7565,0
9636,1
5567,1
8270,1
791,0
1014,0
8887,0
2447,1
9108,1
2114,1
7547,1
9524,1
3311,1
1589,1
1443,1
1615,1
1605,1
5459,1
2489,1
316,1
2492,0
5503,1
6564,1
330,1
2738,0
1675,1
6531,1
9227,1
1500,0
32,1
2976,1
6644,1
5448,1
6720,1
2973,0
6524,1
2910,0
1440,1
9180,0
7585,1
1478,0
2786,1
665,1
9076,1
1012,1
1335,0
7591,1
1143,1
2659,1
2051,0
8052,0
5860,1
934,1
1610,0
8568,1
8619,1
8234,0
1142,1
5880,1
7382,1
2109,1
2572,1
7268,1
774,1
5657,1
1535,0
1429,0
2540,1
8311,1
10059,1
3093,0
6593,1
751,1
6046,1
83,1
8634,1
3007,1
128,0
9881,1
1433,1
2184,0
1854,1
5367,1
3307,1
8257,1
6651,1
523,1
1547,0
7835,1
2297,1
8537,1
1303,1
111,1
479,0
5709,1
6013,1
7966,1
659,1
5358,1
3339,1
2698,0
2995,0
7727,1
9158,1
7425,0
3288,1
7527,1
8643,1
1434,1
750,1
2032,1
7350,1
3143,1
2354,0
2993,0
3228,1
8824,1
1921,0
7367,1
2930,1
9126,0
353,1
6632,1
107,0
9592,1
7928,1
120,0
364,0
7676,1
1646,1
8254,1
874,1
900,1
7418,0
7265,1
7595,1
8612,0
5760,1
6576,1
7633,1
6078,1
6606,1
9039,1
1905,1
2766,1
7578,1
9748,1
1526,1
2969,1
7778,1
1962,1
2029,1
8873,1
7546,1
7680,1
9012,1
6603,1
8859,1
6105,0
8655,1
55,0
7353,0
1263,1
2329,1
6689,1
7885,1
7955,1
2754,0
1729,0
1327,1
2720,1
3055,1
2020,0
483,0
5397,0
9614,1
9863,0
6083,1
1812,0
7729,0
673,0
9992,1
6116,1
1423,0
5948,1
187,1
2758,1
7324,1
1479,0
2889,1
8494,1
2473,1
1804,0
5976,1
3303,0
1514,1
5614,0
3342,0
8187,1
9618,1
7326,1
236,1
5520,1
9516,1
5336,1
2361,1
2867,1
9156,1
5346,1
6041,1
6662,1
3194,1
1446,0
1930,0
469,1
9600,1
5923,1
5363,1
2135,1
7910,1
2613,0
418,1
1704,1
9545,1
3108,1
952,1
1131,0
3396,0
8964,1
2700,1
437,1
7948,1
2267,1
9893,1
9628,1
1438,1
8991,1
9868,1
6719,1
6044,1
535,1
823,1
1850,1
1573,1
8622,1
885,1
2384,0
8330,1
1419,0
1565,1
175,1
7337,1
1997,0
8609,1
8002,1
2636,1
9229,1
1544,1
9859,1
1435,1
8599,1
7420,1
6623,0
1648,0
632,0
2244,1
911,1
8565,1
1927,0
9278,1
7414,1
9081,1
8581,1
2418,1
3372,1
8661,1
64,0
3290,1
9650,1
621,1
3354,0
8283,1
216,0
5439,1
8914,1
2529,1
7427,1
2871,1
8931,0
9009,1
8014,1
2134,1
5774,1
7669,0
460,1
8506,1
2009,1
9601,1
267,0
7655,1
1523,1
681,0
819,1
7366,1
3170,1
7631,1
35,0
2284,1
8849,1
6746,1
1293,1
1,0
2401,0
5925,1
1754,1
7759,1
7597,1
7895,0
2721,0
5497,1
9669,1
7275,1
1105,0
562,1
7651,1
2016,1
882,0
1789,1
2674,1
1010,0
9657,1
9543,0
1428,1
1122,0
9261,1
9605,1
2168,1
9703,1
1197,1
9010,1
7967,1
2519,1
7801,0
1332,1
5871,1
9429,1
9040,1
9548,1
2661,0
1422,1
3267,1
2181,1
9947,1
7378,1
1723,1
2543,0
1233,1
2208,1
396,1
10102,1
7736,0
9107,1
9452,0
6768,0
1537,1
5332,1
7348,1
2870,1
5949,1
8532,0
1961,0
615,0
290,1
6578,1
6517,1
992,1
2944,0
2362,1
6541,0
8221,1
8317,1
2886,1
5508,1
7846,0
2289,0
652,0
1561,0
488,0
2575,1
8489,1
1774,0
8866,1
2292,0
1680,1
345,1
1315,1
3223,0
9112,1
6683,1
854,0
6775,1
8486,1
92,1
8501,1
9945,1
7323,1
7283,0
796,1
2442,0
9630,1
2318,0
5941,1
2392,1
3284,1
9467,1
5835,1
2876,1
704,1
1776,1
7572,1
6104,1
8968,1
2745,1
9166,1
7621,0
827,1
2925,1
3274,1
3115,0
1527,1
2493,0
10067,1
7319,1
5665,1
6577,1
9854,1
430,0
6757,1
2545,1
10090,1
5978,1
2251,1
3378,1
7720,1
1017,1
7320,1
9572,1
9655,1
1741,0
1130,1
2104,1
5629,1
320,1
7833,1
5544,1
6722,1
9153,1
3399,1
634,1
578,1
6511,1
7691,1
1082,0
7712,0
8660,0
5432,1
3254,1
6753,1
3137,0
1857,1
3022,1
2428,0
1919,1
8458,1
9509,1
5742,1
985,0
9948,1
1677,1
787,1
8057,1
7269,0
2764,0
1975,1
3379,1
501,0
7806,1
363,0
2119,1
2908,1
5409,0
1363,1
292,1
2585,1
6574,1
6686,1
6497,1
1684,1
93,1
5735,0
7844,1
8530,1
8547,1
9242,1
2080,1
861,0
6667,1
279,1
8822,1
5402,1
2707,1
1941,1
9186,1
9663,1
1958,1
6738,1
2439,1
7665,1
863,1
8576,1
940,1
5944,1
2058,0
6,0
1065,1
5349,1
5800,1
5424,1
7557,1
224,1
1525,1
2390,1
436,0
3330,1
9249,1
1045,1
1360,1
1828,1
6507,1
604,1
8017,1
9184,1
7512,1
9589,1
1340,1
7390,1
5724,1
9274,1
1855,1
8247,1
770,0
1310,1
2081,1
2598,1
6649,0
8621,1
5841,1
9609,1
3145,1
2106,1
5416,1
1933,0
7772,0
2919,1
6530,1
3000,1
464,1
9062,1
569,0
727,1
6765,1
1820,1
1528,1
8293,1
1966,1
395,1
2281,0
8521,1
662,0
815,0
2103,1
1145,1
1037,0
9263,0
25,0
1825,1
5554,1
2459,1
10024,1
9181,1
8342,1
1817,1
6112,1
8214,1
1964,1
6716,1
775,1
5594,1
5418,0
8493,1
5532,1
8919,1
1155,0
201,0
8249,1
2072,1
1988,1
9616,1
7711,0
8898,1
7964,1
7796,1
9584,1
7953,0
792,0
2348,1
139,0
1888,1
338,0
260,1
36,0
721,1
8296,1
9884,1
9124,1
376,0
9570,1
9588,1
5662,0
2655,1
6061,1
1109,0
2620,1
302,1
1077,0
8893,1
8058,0
9979,1
6085,1
362,0
8962,1
1567,1
3208,1
5790,1
735,0
955,1
482,0
10041,1
2476,1
272,0
9073,1
9998,1
2884,1
7609,1
9587,0
9029,1
9205,1
711,0
5815,1
7857,1
5581,1
2851,1
6536,1
2864,1
130,1
6050,1
2953,1
8309,1
8238,1
7264,0
1367,0
491,1
8885,1
89,1
1637,1
1994,1
8367,1
351,1
2236,1
3078,1
1220,1
5375,1
7827,1
5804,1
1944,1
399,0
877,1
7648,1
10073,0
1051,1
6591,0
1823,0
1102,1
6108,1
6117,1
2026,0
7784,1
9111,1
7721,1
3116,0
421,1
8911,1
1403,1
9222,1
2085,1
965,1
10091,1
1103,0
5981,1
8209,1
2517,1
8917,1
2537,1
2740,1
435,0
3277,1
2305,1
3320,1
831,0
790,0
7311,1
7816,1
5611,1
456,1
8453,1
2075,1
3063,1
9565,1
1453,1
6579,1
1107,0
7550,1
1772,1
398,0
9236,1
799,0
7930,1
8455,1
9704,1
9219,1
7580,1
1460,1
1666,1
1336,0
757,0
65,1
177,0
1749,0
6052,1
8284,1
26,1
3054,1
526,1
7986,1
8863,1
5818,1
2371,1
5688,1
666,1
5515,1
9080,1
2458,0
1223,1
1744,1
7421,0
332,1
8900,1
6028,0
6010,1
600,1
5587,1
7861,1
2436,1
5861,1
1461,0
146,1
1417,1
741,0
7608,1
228,1
3079,1
9675,1
499,0
7,0
1979,1
904,1
5885,1
7841,1
8274,1
370,0
9983,1
2367,1
6005,1
5578,1
1239,1
5905,1
1934,1
10088,0
5670,1
951,0
1719,1
2185,0
8977,1
2578,1
2327,1
5351,1
8220,1
138,0
8288,0
2019,0
251,1
5370,1
8452,1
1092,1
2018,1
7412,1
7560,0
9607,1
8551,1
914,1
2866,1
2417,1
8352,1
1283,1
2684,1
8036,1
2309,1
2120,1
913,1
8478,1
2160,1
2672,1
1243,1
1091,1
2980,0
5734,1
1710,0
2427,1
938,1
7710,0
1831,1
8936,1
8645,1
1252,0
9232,0
1110,1
10062,1
738,1
956,0
3158,1
5593,0
283,0
7658,1
2755,1
3248,1
2068,0
1980,0
3308,1
1794,0
5873,1
8242,1
9132,1
8539,1
7738,0
3200,0
7426,1
2007,1
6750,1
9652,1
2477,0
5874,1
2789,1
6012,1
8526,1
5820,1
894,0
2646,1
9982,0
7782,1
6613,1
1727,1
6020,1
2053,0
9211,0
242,1
8310,1
9875,1
2048,1
5990,1
403,1
9510,1
50,1
5558,1
6742,1
5748,0
7905,0
559,1
2776,0
7334,1
1210,0
8275,1
1153,1
9,1
5343,1
1709,1
2595,0
9995,1
8590,1
1616,1
1073,1
9994,1
7991,1
9666,1
718,0
1898,1
9248,1
3265,0
5810,1
6518,1
2125,1
318,1
5615,1
1674,1
9243,1
427,0
5785,0
2538,1
6672,1
2593,1
547,1
7993,1
262,0
254,1
2535,1
10065,1
668,1
5525,1
171,0
1178,1
9228,1
3128,1
1484,1
1908,1
6777,1
8451,1
8944,1
1902,0
3346,0
695,1
8648,1
9002,1
9659,0
9677,1
2117,1
7860,1
9737,1
2098,0
5797,0
7272,1
9077,0
783,0
6595,1
9282,1
5509,1
542,1
8457,1
7831,1
521,1
5826,1
2680,1
8832,1
5404,1
9921,1
2730,1
884,1
8381,1
9977,1
8006,1
8273,1
7641,1
10025,1
8670,1
1173,0
9904,1
3161,1
1448,0
6567,1
5656,1
2638,0
2840,1
5354,1
3195,1
1331,1
9914,1
9880,1
9654,1
75,0
6569,1
828,1
8236,1
9716,1
2196,1
6548,0
7804,0
1468,0
2667,1
7726,0
2389,1
7829,1
9518,1
6550,1
7530,1
947,0
2192,0
9958,1
844,1
7842,0
7267,1
471,1
9143,1
2875,0
7889,1
3019,0
122,1
1594,1
3332,0
225,1
8223,1
2805,1
1858,1
7400,1
9895,1
2679,1
8043,1
3080,1
847,0
573,1
2358,1
7834,1
8456,1
3182,1
3235,0
2483,0
154,1
477,0
6751,1
9272,1
6023,1
1692,1
278,0
527,1
9050,1
9214,1
10092,1
1089,1
9106,1
382,1
1101,1
5992,1
6001,1
2532,0
3240,1
7316,1
7779,0
9917,0
6018,1
920,1
3035,1
207,0
8838,1
8855,1
3171,0
5333,1
7574,0
9007,1
7594,1
8926,1
1217,1
297,1
1492,1
528,1
9028,1
442,1
2122,1
1140,1
6123,1
537,1
9167,0
6098,0
7959,1
8386,0
2376,0
5455,1
6563,1
9700,1
6533,1
6007,1
1838,0
3376,1
2455,0
7855,1
5700,1
2010,0
9436,1
47,0
2203,0
6767,1
397,0
1509,0
6035,0
2614,1
5856,1
8542,0
9930,1
9191,1
9105,1
988,0
9664,0
9522,1
1436,1
2534,1
9535,0
237,1
2121,1
2288,1
5751,1
2116,0
1106,1
1784,1
804,1
8920,1
9713,1
2423,1
8491,1
3087,1
7363,1
1739,0
9525,1
347,1
7794,1
9674,1
7903,1
34,1
2247,1
3250,0
5642,1
1470,1
8658,1
9056,1
565,1
7368,0
8861,1
74,1
857,1
309,1
5870,1
282,1
7872,1
6081,1
5703,1
548,1
1947,1
9177,1
5706,1
1572,1
2583,0
1160,0
1682,0
722,1
291,1
6611,1
541,1
465,1
2234,1
1038,1
6133,1
1049,1
9019,1
9943,0
2317,0
7881,1
8524,1
60,0
1601,1
10077,1
1191,1
5468,1
7998,1
8513,1
5496,0
8026,1
9475,1
2445,0
3218,0
5721,1
536,1
8281,1
9170,1
5334,1
6600,1
6087,0
10049,0
583,0
6014,1
6637,1
195,1
1265,0
172,1
7307,0
2824,1
9919,1
5389,0
2873,1
2571,1
926,1
2752,1
1015,0
7946,1
9557,1
1175,0
1564,1
2599,1
5427,1
1643,0
7601,1
7935,1
9888,1
5430,1
1432,1
1762,1
6519,0
7912,1
9990,1
8226,1
78,0
5995,1
1241,0
7961,1
415,0
7957,0
3024,1
9037,1
984,0
1166,0
1781,0
8633,1
9250,0
5904,1
8000,1
588,1
597,0
1813,1
814,1
1951,0
3121,1
9597,1
1169,1
5953,1
1932,0
6715,1
220,1
7914,1
1067,0
8031,1
1694,0
6525,1
9742,1
2015,0
9612,1
3360,1
776,1
3386,0
305,1
5484,1
2962,0
439,0
715,0
9431,1
5778,1
3160,1
5481,1
8015,1
1026,0
5964,1
1084,0
2729,1
7692,1
2295,1
736,1
1676,1
8197,1
7532,1
3259,0
8986,1
3193,1
7970,1
3381,1
9964,1
622,1
6515,1
2115,1
3258,1
10012,1
1612,0
1645,1
5454,1
1221,1
1606,1
357,1
6077,1
531,1
6137,1
9855,1
7683,1
1095,1
5492,1
1767,0
3188,1
5896,1
8011,1
9198,1
3309,1
2446,1
1937,0
9656,1
987,0
8038,0
2984,0
2527,1
3184,1
1557,0
9913,1
5867,1
5779,1
2339,1
5783,1
167,1
9534,1
7777,0
6540,1
6728,1
9685,1
5435,1
9208,0
8334,1
8663,1
1290,0
6091,1
6647,1
137,0
975,0
9110,1
8315,1
7797,0
1650,0
6122,1
6521,1
617,1
7868,1
8852,1
1860,1
8592,1
9886,1
9526,1
1713,1
2270,1
9933,1
9865,1
2426,0
5552,1
158,1
5776,1
5919,1
1368,1
414,0
2775,1
6687,0
5518,1
2332,1
5514,1
7519,1
6510,1
7332,1
2699,1
5890,1
7807,1
1042,1
8449,1
6076,1
2413,0
9551,1
7600,1
8966,1
8958,1
509,1
7511,1
6645,1
7800,0
2450,1
1783,0
8975,1
2988,1
9477,0
5548,0
9504,1
2934,0
3110,1
5865,1
3077,1
9114,1
9054,1
544,1
7671,0
7862,1
223,1
8192,1
5617,1
9707,1
8825,1
1404,1
2820,1
1874,0
6798,1
2138,0
180,1
5854,1
2175,1
2780,1
8829,0
7902,0
1324,1
3186,0
6551,1
7393,0
540,1
5531,1
5958,1
5378,1
289,0
9953,1
6773,1
5819,1
977,0
2406,1
8631,1
6690,1
3282,1
5813,1
9550,1
41,1
8881,1
8662,1
7423,0
8836,1
7839,0
9941,1
9729,0
2848,1
8003,1
2933,1
9916,1
9954,1
6793,0
3242,1
9698,1
878,0
2385,0
1393,0
6679,1
507,0
7897,0
7913,1
1016,1
9189,1
387,1
1093,1
307,0
1338,0
1865,1
1329,0
7765,1
6069,1
1257,0
8343,0
7888,1
340,1
1803,0
9487,1
1957,1
9043,1
7758,0
5845,1
2006,1
5823,1
5387,0
2597,1
749,0
766,0
8624,1
7931,1
2055,1
6772,1
1505,1
5590,1
8585,1
166,1
1782,1
6575,1
767,1
10103,1
6780,1
927,1
858,1
2622,0
9931,1
1272,1
8937,1
1841,1
1116,0
9621,0
6031,1
5631,0
753,1
8943,1
2705,0
9265,1
8189,1
7774,1
151,0
1034,1
2510,1
1444,0
7375,0
5648,0
346,1
5400,0
9959,1
2632,1
1672,0
9244,0
9471,1
3310,1
3388,1
708,1
9256,1
5767,1
9203,1
9519,1
2677,0
6127,1
5366,1
1748,0
10003,1
5602,1
1402,0
1019,1
2890,1
3162,0
6032,1
1651,0
2242,0
6502,1
1504,0
87,1
9676,1
3352,1
2701,1
522,1
9712,1
9230,1
1558,0
9857,1
9241,0
6735,1
6070,1
9217,0
5638,1
5443,0
1203,1
9262,0
2137,0
8279,1
586,0
9511,1
1511,0
5556,1
5398,0
9950,1
2737,1
7290,1
8961,1
1144,1
6004,0
10,1
5442,1
5450,1
2948,1
1660,1
7906,0
7627,1
8302,0
2967,0
5464,1
3009,1
6101,0
9985,1
2298,1
2888,1
7780,0
2673,1
1847,0
3272,0
2101,0
5725,1
570,1
538,1
2985,1
8646,1
8007,1
3190,1
5505,1
2861,0
3216,0
5789,1
3369,1
2278,1
8328,1
5653,1
1410,1
5637,1
9619,1
606,1
10042,1
7653,1
9502,1
2852,1
3390,1
7660,1
2913,1
1334,1
1649,0
2703,1
8582,1
5348,1
10051,1
7432,1
7694,0
7980,1
8049,1
690,1
5417,1
3358,1
824,1
6673,1
7766,1
1192,1
9580,0
9668,1
3090,1
6512,1
1679,1
1151,1
5937,1
3353,1
5950,1
7707,0
1495,0
7395,1
1325,1
7292,1
7698,1
7294,1
8627,1
2949,1
6704,1
3196,0
2089,0
919,0
5473,0
5471,1
6617,1
5821,1
709,1
8460,1
585,1
2635,1
5936,1
9179,1
6776,0
8263,0
7618,1
9450,1
2256,0
9128,1
2323,1
1638,1
8853,1
6024,1
5618,1
1609,0
1571,1
8231,1
3096,1
1810,1
2482,1
500,1
5616,1
8032,1
7826,1
818,1
5377,1
8626,1
9561,1
631,1
9727,1
1198,0
7838,0
204,0
3123,1
5746,1
9109,1
9515,0
2652,1
2749,1
10075,1
3119,1
1756,1
7339,1
9100,1
6615,1
981,0
5460,1
550,1
9702,0
8208,1
1427,1
7396,1
3322,0
577,0
1454,1
8490,1
7374,1
9042,1
341,0
7813,0
7404,1
9590,0
7693,0
303,0
3243,0
7625,1
8517,1
10082,1
2872,1
241,0
8994,1
1481,1
788,1
1599,0
170,1
3269,1
9437,1
898,1
1129,1
9546,1
2777,1
1378,1
6059,1
1619,0
1897,0
2131,1
8940,1
637,1
6702,0
7735,0
9667,1
8528,1
672,1
5910,1
8641,1
3217,0
2796,0
683,1
2314,0
5963,1
7901,0
5347,1
5924,1
9051,1
7757,1
9499,1
6733,0
2771,0
1587,1
9468,1
8598,1
1351,0
868,1
9175,1
9940,1
9253,0
9907,1
9476,1
1769,1
10094,0
9209,1
6760,0
7276,1
5719,1
9960,1
2559,0
9542,1
7274,1
1195,1
2940,1
3183,0
1222,1
5685,1
6556,1
1196,1
2629,0
6549,0
8671,1
8514,1
1700,0
9142,1
2478,0
6723,1
8053,1
486,1
8459,1
3333,1
2649,1
7622,1
2283,1
1945,1
2818,1
5714,0
949,1
1491,1
1862,1
6727,1
1098,1
2126,0
7518,0
2657,1
8614,1
6696,1
8004,1
2826,1
511,1
5967,0
1863,0
446,1
1361,1
534,1
3255,0
8050,0
2670,0
9586,1
3316,1
9721,1
2733,1
9237,1
1732,0
5534,1
6784,1
9482,1
8228,1
9563,1
9470,0
1690,1
10100,1
160,1
5872,1
7942,1
2681,1
1553,1
9187,1
8867,1
3100,1
2227,1
8844,1
2603,1
2083,1
6501,1
616,0
6120,1
5769,1
6060,1
5902,1
8372,1
2003,0
2555,1
8219,0
1663,1
9164,1
142,1
258,0
1498,1
1604,1
2743,0
651,1
2325,0
5683,1
972,1
8271,1
3010,0
8046,1
2502,1
1365,1
3059,0
10029,1
9257,1
1698,1
9035,1
2451,1
1913,1
7383,1
406,1
1807,0
1815,0
2936,0
8965,1
5411,1
463,1
1225,0
6514,1
8357,1
5929,1
6132,1
1633,1
685,0
2835,0
7436,1
1120,0
5391,1
2582,1
8241,1
5858,1
3343,0
199,1
2123,1
2352,1
6068,1
6097,0
2412,1
9044,1
6075,1
2530,1
8363,1
365,0
2073,0
9615,1
6674,1
3229,1
3034,0
3067,1
2551,1
1390,0
1583,1
2064,1
9506,0
2611,1
38,1
2955,1
5849,1
2558,1
3281,1
2688,1
9453,0
1059,1
9103,1
8865,1
1099,1
5684,1
1473,1
7933,1
5811,1
452,1
7528,1
830,1
9566,1
2939,1
7908,0
724,0
9942,0
8256,1
2891,0
1597,1
8518,1
5903,1
3099,1
5680,1
9127,0
6670,1
6009,0
7431,0
7847,0
2261,1
2028,1
9963,1
3355,0
7749,1
9501,1
1447,1
7263,1
7386,1
429,0
5882,1
1212,0
918,0
6553,0
7612,1
2615,1
2496,1
1002,0
56,0
3023,1
7598,1
208,0
2113,0
1442,1
425,1
699,0
1267,1
1625,1
1595,1
2303,0
7360,1
9136,0
8224,1
980,0
9469,1
7659,1
821,1
9486,0
8959,1
1469,0
9891,1
623,1
9660,1
5938,1
3051,1
1780,1
5998,1
336,1
2644,0
1085,1
2609,1
5501,1
5956,1
7705,1
390,0
739,0
113,0
1070,0
5855,1
939,1
2301,1
9473,1
257,1
2240,1
1341,1
1154,1
9082,1
994,1
1848,1
2560,1
1974,0
5596,1
7922,1
132,0
2464,0
6064,1
441,1
6093,1
2031,1
1670,1
2177,1
7684,1
9517,0
1600,1
2727,1
9150,1
2574,0
1296,1
135,1
7661,1
1661,1
1746,1
1280,1
7819,1
7628,1
5478,1
9949,1
5989,0
129,1
2702,1
27,0
8358,1
1236,1
9202,1
9681,0
9690,1
5975,1
7877,0
7523,0
459,1
5490,1
2393,1
2011,1
9259,1
2468,1
6748,1
1806,1
10069,0
202,1
9987,0
6134,0
5583,1
966,0
124,0
3028,0
9643,1
1967,1
2975,0
2963,0
7295,1
9017,1
2999,1
649,0
8339,1
3326,0
6599,1
1759,1
1590,1
937,0
1452,1
524,1
1355,0
3141,0
1190,1
6604,1
7358,1
5372,1
9020,1
879,0
3297,1
2024,1
9273,1
66,1
5626,1
6648,1
1483,1
9155,0
5824,1
9541,1
5361,1
9258,1
8509,1
1946,1
7823,1
5863,1
6675,1
5474,1
7789,0
784,0
2165,1
6053,1
226,1
762,0
8629,1
515,0
1607,1
6570,1
2894,0
5862,1
7866,1
910,1
193,1
744,1
614,1
7737,1
1872,1
8029,1
5570,1
401,1
5472,0
851,1
8557,0
1730,1
374,0
9687,1
2938,1
1009,1
9710,1
8516,1
409,1
579,1
694,1
1613,0
2736,0
657,1
7293,1
7590,1
5771,0
7947,1
9444,0
3136,1
592,1
2909,1
1577,1
7327,1
3132,0
8960,1
2398,0
3127,1
2662,1
1873,0
9719,1
745,1
9067,0
182,1
7840,1
6629,1
2718,1
1055,1
7824,1
655,1
148,0
710,0
369,0
23,1
3315,1
1287,0
1959,0
2262,1
1201,1
6799,1
470,1
9935,1
1194,1
106,0
1486,0
8527,1
350,1
5951,0
1262,0
48,1
8989,1
1445,0
9520,1
6542,1
8262,1
8597,0
2513,1
7817,0
5540,1
9581,1
8894,1
9728,1
3036,1
2773,1
9731,1
7688,1
9559,1
2127,1
30,1
2308,1
1228,1
2331,1
5345,1
8545,1
173,1
2678,1
9456,1
3244,0
7904,0
9026,1
8056,1
9951,1
809,0
1471,0
5834,0
8515,0
9435,1
7672,1
3198,0
494,0
1003,1
2319,1
7937,1
7792,0
974,1
8292,0
8042,1
8976,1
2813,0
384,1
6043,1
1665,1
3348,1
1703,1
6045,1
7719,0
1060,1
642,1
3013,1
2815,0
8615,1
9591,1
1188,1
2664,0
8596,1
1718,1
2471,1
1922,0
3146,0
9957,0
8312,1
587,0
7630,1
9611,1
76,1
2370,1
627,0
5335,1
5645,1
1409,0
1907,0
7559,1
375,0
80,1
2172,1
6058,1
2788,0
2795,0
9874,1
189,1
9733,1
9498,1
9991,1
9679,1
2061,1
6740,1
7932,1
2250,1
1385,0
7629,1
8522,1
9708,1
5408,1
9011,0
3109,1
2112,0
240,0
1519,1
8240,1
678,1
5634,1
9887,1
7649,1
9454,1
1384,1
1207,1
2456,0
7849,1
1029,1
1818,1
9422,1
9000,1
5362,1
7619,1
2832,1
9130,1
3058,1
630,1
2375,1
8635,1
3073,0
2369,0
8253,0
1294,1
8839,1
2816,1
3153,1
2828,0
5784,1
2616,0
5980,1
9287,1
5549,1
9269,1
1656,1
140,1
1591,1
2498,1
5969,1
10016,1
8869,1
1071,0
1138,0
6616,1
1001,1
2717,1
3203,0
9448,1
24,0
2151,1
7548,1
261,1
5842,0
3043,0
3300,1
8841,1
2424,1
5422,1
5541,1
1697,1
8,1
1068,1
1904,0
1715,1
3064,1
400,1
8903,1
10064,1
1996,0
1541,1
9461,1
6067,0
866,0
9743,1
2435,0
9247,1
6594,1
3331,1
3104,1
3365,1
2570,1
7820,1
892,1
7589,1
9115,1
700,0
6072,1
293,1
7271,1
5987,1
2726,0
2299,1
5720,1
5973,1
1114,1
633,1
212,0
5986,0
9427,1
1611,1
9962,1
7725,1
2378,1
198,0
9218,1
5713,1
10056,0
9093,1
7372,0
10101,1
8915,1
5876,1
1936,0
5467,1
571,1
7610,1
3144,1
5660,1
2633,1
295,0
3174,1
2879,1
7886,1
8843,1
7892,1
6639,1
7741,0
3313,1
1206,0
8955,1
568,1
2448,1
3003,1
2441,0
8566,1
8384,0
2087,0
2511,0
5555,1
8030,1
8618,1
1647,1
7340,1
5747,1
9089,1
752,1
1163,1
5933,1
2076,1
277,1
6545,1
1148,0
294,1
979,0
6646,1
1763,1
3021,1
1170,0
5449,1
2316,0
3327,1
5477,1
9894,0
7994,0
1371,0
8321,1
906,1
7362,0
6096,1
2587,1
9861,1
8462,1
1316,0
6017,1
5847,1
1728,1
2359,1
8355,1
9122,0
9944,1
8319,1
8617,1
6721,1
7989,1
1399,1
1246,1
835,1
149,0
5579,1
2350,0
9066,1
184,0
889,0
922,0
1489,1
2929,1
5566,1
8587,1
8928,1
9505,1
674,0
1910,1
2110,1
2037,1
2233,1
264,0
3302,1
2506,1
7516,0
9171,1
1413,0
9553,1
3033,1
9906,0
209,0
9582,1
2252,1
2397,1
8243,1
1502,0
2293,1
1086,1
1269,1
1111,1
5479,1
2751,1
5386,1
7554,0
8202,1
2885,0
5369,1
3325,1
5898,1
811,1
3173,1
3031,1
2878,0
3257,0
5907,1
3032,1
9937,1
9490,0
51,1
9723,1
6756,0
3157,1
1971,0
2715,1
1364,1
1516,1
2154,0
9025,1
112,0
8848,1
168,0
2324,0
9573,1
7424,1
7963,1
9005,1
2604,1
9185,1
6547,1
1247,1
1356,0
5690,1
6526,1
1159,0
5469,1
8884,1
3329,1
9421,1
10047,0
1117,0
2485,1
855,1
7965,1
6726,0
9276,1
2260,0
5831,1
53,0
5993,1
9182,1
2179,0
9223,1
9285,1
7539,1
5632,0
2554,0
8366,1
2843,0
1214,1
7744,1
6554,1
3148,0
6739,1
8252,1
9078,1
5780,1
5926,1
9639,0
7338,1
5523,1
9617,1
2767,1
8552,1
516,1
9280,1
2711,1
356,1
9268,1
2712,0
530,0
3323,0
59,1
950,1
8023,1
281,1
3351,1
1631,1
2784,1
6113,1
7990,1
8880,1
451,1
5507,1
2734,1
8195,1
1278,1
1285,0
5979,0
9569,1
1532,1
5965,1
807,0
9633,1
1531,1
2556,1
5681,1
8261,1
49,1
2693,1
3057,1
803,1
9041,1
1369,0
424,0
9732,1
0,1
7321,1
7896,1
2036,1
1271,0
176,1
9157,1
513,1
1288,1
1464,0
2411,1
8213,1
2386,1
768,1
1350,1
5717,1
2484,0
1056,1
9428,1
8978,1
2457,1
533,1
9069,1
9123,1
9199,1
380,1
1868,1
9216,1
3349,1
2683,0
8842,1
932,0
2628,1
2528,0
10037,1
10097,1
419,1
7545,0
5646,1
1482,1
1061,0
1972,1
6109,1
73,1
3176,1
2606,0
2883,1
1254,0
6685,1
1896,0
2600,0
1866,0
1463,1
7356,0
1183,1
9233,1
489,1
1126,0
1259,0
1543,1
388,1
3068,1
5851,1
8258,1
2213,1
1292,1
2512,1
2998,1
7781,1
9683,1
455,1
817,0
1088,1
2923,1
2640,1
3133,1
9938,1
9480,1
1281,1
7524,1
1431,1
2779,0
2224,1
352,1
6710,1
5651,1
3392,1
5805,1
2084,1
1205,0
1407,1
8953,1
1701,1
1707,0
2916,1
7542,1
9434,1
9046,1
1276,1
2209,0
163,0
2049,1
8369,1
3283,1
3363,1
5620,1
9483,1
408,1
6529,1
6051,1
8872,1
7925,1
643,0
8244,1
1345,0
6771,1
890,0
1559,0
1087,0
5859,1
532,0
3011,1
2449,1
9697,1
10001,1
2769,0
1673,1
2111,1
1150,1
7706,1
3169,1
266,0
5695,1
9925,1
5668,1
360,0
1462,1
5353,1
954,1
2162,1
9980,1
1576,0
9116,1
3340,1
7949,1
1844,0
2210,1
2982,1
5368,1
8589,1
756,1
1380,1
982,1
2102,1
286,1
5465,0
3091,1
1156,0
7999,1
1513,1
8895,1
6522,1
3264,1
8320,1
2193,1
211,0
9021,1
3167,1
274,1
88,1
2800,1
2326,1
298,1
7416,1
5606,1
9266,0
5708,1
8607,1
315,1
9151,1
2153,1
3291,1
3120,0
9523,1
2022,1
8974,1
2977,1
1277,0
2415,1
529,1
6695,1
1507,0
5530,1
8054,0
8250,1
5613,1
1320,0
3383,1
7753,1
3037,0
2382,0
7635,1
8981,1
6602,1
2618,0
1168,1
7549,1
5403,1
8664,1
9161,1
9665,1
8992,1
2874,1
1224,1
8878,1
8364,1
6546,0
1984,0
8882,1
5952,1
371,1
5414,1
2133,1
5350,1
5356,1
1540,1
9892,0
2746,0
1555,1
6626,1
2819,1
8820,1
620,1
2383,1
8010,1
6682,1
7278,1
6666,1
5456,1
2631,1
9890,0
6056,1
9163,1
2768,1
5827,1
1658,1
7642,1
971,1
1845,1
3027,1
3154,1
3389,1
9140,1
7870,1
1213,0
8927,1
1430,0
9488,1
426,1
6027,1
6562,1
1925,1
7513,1
3398,1
9622,0
404,0
492,1
9430,1
5426,1
826,1
2544,0
5605,1
7767,1
2792,1
8575,1
5447,1
9024,1
9905,1
7793,1
1790,1
2189,0
2147,0
6796,0
3249,1
1843,0
7871,0
8351,1
1211,0
976,0
475,1
3314,0
215,0
658,1
7349,1
3238,1
2521,1
1585,0
7387,1
9059,0
1132,1
3041,1
2065,1
9978,1
7345,1
6698,1
131,0
6638,1
8361,1
5498,1
1343,1
2186,1
8916,0
7567,0
596,1
9492,0
9252,0
812,1
247,1
6665,1
29,0
1121,1
3366,1
7666,0
2794,1
6534,1
7579,1
8913,1
1976,0
7419,0
635,0
46,1
9169,1
7569,0
8929,1
870,0
7810,1
1322,0
9075,1
7747,1
1545,0
9032,1
6062,1
5491,1
6508,1
2505,1
7977,0
5499,1
7517,1
3061,1
862,1
6038,0
2140,0
1986,1
7709,0
2312,1
2761,1
2533,1
850,1
1245,0
7537,1
6107,1
6561,1
8276,1
3048,1
1182,1
5392,1
6621,1
2373,0
2,1
9927,0
10057,1
1757,0
5943,0
1050,1
8287,1
1420,1
7858,1
6782,1
9627,1
864,0
5795,0
9014,1
9730,1
2553,0
10026,1
2433,1
5729,1
310,0
1620,0
1094,0
1942,0
5757,1
1231,1
7679,0
9625,0
8476,1
1735,0
10079,1
7583,1
5682,0
3066,0
2624,0
1395,0
7662,0
7315,1
6640,1
9284,1
2836,0
2407,1
3012,0
6055,1
764,1
7934,1
5822,1
9052,1
968,0
3317,1
5373,1
684,0
7783,1
2548,1
993,0
916,1
8586,1
9929,1
185,0
924,1
9022,1
6103,1
5488,1
9696,1
1621,1
1832,0
2486,1
3151,1
742,1
9070,1
973,0
2566,1
7739,0
5894,1
8573,1
1118,0
156,1
2469,0
5792,1
833,1
8467,0
837,0
2827,0
503,1
9555,1
991,0
5869,1
925,0
2046,1
1982,0
249,1
5843,1
7976,1
2685,1
1348,1
9288,1
8896,1
5585,1
355,1
746,1
846,0
725,0
1978,0
2958,1
6631,1
2216,1
8345,0
9682,0
5580,1
5802,0
6779,1
3295,0
8657,1
1260,1
2991,1
85,0
748,1
8227,1
1869,0
1317,0
8021,1
5830,1
7832,1
964,0
7403,1
265,0
2430,0
6049,1
3089,1
3142,1
2071,0
6135,1
7286,1
1802,0
2237,1
5475,1
3065,0
2214,1
9924,1
6557,1
9604,1
1987,0
1373,0
2124,1
5839,1
9726,1
8204,1
8047,1
2059,1
9724,1
5879,1
2060,1
5643,0
2907,1
7746,1
5770,1
9173,1
10036,1
284,1
95,1
9686,1
2666,1
5887,0
5374,1
8862,1
9984,1
2651,1
9531,1
2282,0
8549,1
2523,1
5545,1
1286,1
5954,1
2005,0
8297,1
2155,1
5696,1
2241,0
5864,1
8902,1
8303,1
6084,0
7331,1
43,0
5888,1
8652,1
6707,1
8450,1
2804,1
3092,1
7951,1
9281,1
8546,1
9176,1
6624,1
1811,1
1005,1
5791,1
7972,1
2395,0
1078,0
9015,1
5787,1
5344,0
8883,0
8246,1
300,0
2901,1
2509,1
944,1
8984,1
2372,1
1261,0
8988,1
2524,1
3159,1
7312,1
6034,1
843,1
1870,1
326,0
2438,1
9072,1
3211,1
9514,1
1466,0
7812,1
3134,1
2063,0
7614,1
6774,1
2573,1
3106,0
3336,1
605,1
7762,1
6709,1
867,1
1892,1
5974,0
9449,1
9239,1
8574,1
3370,1
1282,0
832,1
3152,0
5731,1
1906,1
7304,1
6694,0
2052,1
1304,1
328,1
7673,0
1706,0
2495,1
10033,1
5957,1
480,0
5561,1
1177,1
9425,0
2960,1
5942,1
117,1
8666,0
2865,1
881,1
1031,1
467,0
8477,1
8963,1
9533,1
3086,0
8245,1
8465,1
1903,1
1977,1
778,1
7417,1
1788,0
9160,1
8998,0
10034,1
8012,1
8304,0
84,1
1667,1
5419,1
8008,0
2791,1
7675,0
2145,1
2201,1
512,1
3212,0
733,1
2222,0
9053,1
7379,1
9087,1
7685,1
8588,1
2785,1
2004,1
8470,1
9908,1
5598,1
9575,1
6761,1
1635,1
9165,1
2759,1
2862,0
1186,1
8970,1
3125,0
3187,1
2057,0
6625,1
6015,1
127,0
6741,1
164,1
9641,1
1512,1
3202,0
1321,1
8600,1
2542,1
473,1
1999,1
18,1
5884,1
2959,0
2044,1
7982,1
2139,0
1027,0
97,1
9174,1
3117,0
7943,1
2837,1
3164,1
449,1
551,1
9648,0
6663,1
5676,1
178,1
7281,1
5586,1
1342,0
9911,1
5480,1
8935,1
5452,1
1593,1
8899,1
1518,1
743,1
7787,1
1771,1
9500,0
484,0
10072,0
2812,0
2023,1
10030,0
1912,1
2487,0
9102,1
782,1
7397,1
77,1
7702,1
1891,0
7927,1
10008,1
9474,1
675,1
2205,0
7606,1
7795,0
458,1
2868,1
8314,1
754,1
121,1
5569,1
701,0
2927,0
9098,1
1494,1
10015,1
8553,1
1950,0
2088,1
3368,0
31,1
2156,1
9006,1
2760,1
69,0
1451,1
8039,1
9889,1
3178,1
5559,1
5809,0
8237,1
5891,1
9653,1
3224,1
3149,1
1533,1
6792,1
8289,1
2434,1
6652,1
5506,1
8567,1
3185,0
1914,0
505,0
339,1
7734,0
5512,1
9568,1
800,0
7850,1
9462,1
7664,1
7898,1
9578,1
9740,1
61,1
1777,1
8858,1
2847,1
10014,1
2462,0
10053,1
6528,1
9860,1
1569,1
6580,1
7566,1
6747,1
2850,1
1691,1
6086,0
2989,1
2421,1
6745,1
9623,1
1570,1
5897,1
2341,0
2096,0
7843,1
2043,1
6664,1
2202,0
10039,1
2274,1
381,1
5796,1
2414,0
8560,1
5844,1
1392,1
7944,1
9673,1
5846,1
1954,1
6095,0
7975,1
2918,1
8995,1
2344,1
6500,1
245,0
1441,1
1024,1
3236,0
7900,0
411,1
2263,1
1064,0
6503,1
9974,1
9644,0
6634,1
5493,1
667,1
10013,1
9530,1
6121,1
10023,1
114,0
5921,0
8485,1
2304,0
2479,1
3253,1
118,1
1983,1
2182,1
162,1
263,1
8850,1
8360,1
6633,1
777,0
7695,0
7401,1
8033,0
9246,1
7429,1
7764,0
8569,1
6764,1
653,0
5655,1
9213,1
1172,0
9466,1
3014,0
10035,1
5806,0
10028,1
1370,0
899,1
930,0
7596,0
14,0
2550,1
969,1
1108,1
9442,0
6627,1
5900,1
1256,1
2650,1
2926,1
9194,1
7604,1
6555,0
10038,1
1641,1
1135,1
9556,0
5451,1
1880,1
8971,1
271,1
1475,1
8300,0
1549,0
6601,1
9536,1
6731,0
840,0
8871,1
2197,0
1837,1
7715,0
412,1
1714,1
6729,0
7867,1
2797,1
2223,1
9013,1
377,1
1493,1
740,1
3380,1
5547,1
9465,0
52,1
6047,1
8356,1
2271,1
7918,1
3097,0
1391,1
3191,0
5410,0
5365,1
6124,1
8608,1
2311,1
3225,0
2592,0
1634,1
6566,1
3177,0
8854,1
7636,1
2979,1
6571,0
468,1
9688,1
905,1
9658,1
71,0
3220,1
9512,1
1900,1
7876,0
5927,1
9432,1
1209,0
2079,1
1592,0
2846,1
7983,1
8637,1
2207,1
2983,0
660,1
63,1
1840,1
5932,1
7996,1
3039,1
454,1
8492,1
402,1
7909,1
8554,1
1474,1
679,0
3359,0
1618,0
1253,0
1985,1
5357,1
7742,1
7883,1
5775,1
7755,1
1035,1
174,0
941,0
3105,1
7611,1
2589,1
334,1
875,1
2856,0
1488,1
9443,1
6584,1
296,1
9909,1
9711,1
8639,1
5777,0
9001,0
6509,1
5692,1
378,0
3113,0
2772,1
5850,1
6071,1
2212,0
2174,1
2601,1
2054,1
917,1
9129,1
10048,1
9706,0
7531,1
9027,1
2337,1
5752,1
958,0
8888,1
1889,1
10095,1
5649,1
5959,1
1184,1
10086,1
7828,1
7355,1
6743,1
1425,1
10074,1
2402,1
2895,1
8200,1
5528,1
1724,0
1669,1
2887,0
2997,1
7587,1
888,0
5988,1
8331,1
9701,0
333,1
153,0
8529,1
9096,1
723,1
373,0
312,1
1851,1
1624,0
42,0
2695,1
7891,1
10071,1
7371,1
417,0
7682,0
7577,1
9966,1
9540,0
706,1
734,1
9692,1
946,1
9878,1
5546,1
1808,1
1020,1
8578,1
909,1
1695,1
2793,0
6659,1
8602,1
520,1
816,1
820,0
5381,1
7654,1
1524,1
1640,1
9996,1
5489,1
9599,1
1702,1
5458,1
8041,1
5666,1
9172,1
3049,0
1885,1
2594,1
379,1
5707,1
5935,1
2253,0
6730,1
2150,1
5658,1
2146,1
2568,1
9200,0
1805,0
9899,1
8308,1
5553,1
9270,0
8533,0
5899,1
1596,1
6619,1
7714,1
1708,1
9989,1
5722,1
1822,1
2564,1
2561,1
6499,1
7919,0
1584,1
2549,1
319,1
6612,1
7962,0
8239,1
3367,1
8558,1
1765,1
8922,1
2845,0
7768,1
7541,1
9626,1
2143,1
213,1
7690,0
6724,1
5429,1
805,1
8229,1
8215,1
6065,1
105,1
6749,1
7770,1
8996,1
5737,1
2808,1
7776,0
1467,1
2956,1
566,1
10083,1
6636,1
2526,1
1476,1
3239,1
2831,1
2504,0
317,1
1202,1
8027,1
2280,1
654,1
70,1
8923,1
2660,0
1176,0
1090,0
10055,1
410,1
5996,1
9965,1
2388,0
7945,1
2093,1
7388,1
603,0
8379,1
3016,0
7616,1
8543,1
2221,0
2467,1
9018,1
839,0
3328,1
626,1
1629,0
808,0
7802,0
8593,1
3118,1
639,1
423,1
7647,1
1998,1
6763,1
7373,1
2488,1
150,0
3112,0
1582,0
9207,1
9030,0
628,1
3005,1
7354,1
5728,1
9101,1
5413,0
143,0
7637,1
2576,0
7415,0
5946,1
1882,1
8201,1
5384,1
9610,1
5537,1
3345,1
8540,1
9725,1
2173,1
9574,1
7799,1
7995,1
2782,1
7544,1
10027,1
2834,1
10076,1
8475,1
2232,1
619,1
1326,0
9240,1
692,1
9885,1
2290,1
3305,0
8945,1
1352,1
8997,1
2731,0
9086,1
8942,1
8948,1
7314,1
1189,1
1193,1
145,1
9642,1
5504,1
6711,0
5674,1
1764,1
5732,1
7626,1
7634,1
1836,1
9967,1
1113,0
2129,1
7821,1
7607,0
9602,1
8886,0
2279,1
5727,1
2501,1
9197,0
1826,1
2790,0
6129,1
6677,1
5759,1
2494,1
880,1
1457,0
391,1
6115,1
2285,1
2716,1
8322,1
8632,1
2961,0
476,0
1696,0
1297,1
2094,1
3053,1
1139,0
2074,1
8282,1
834,1
593,1
7411,1
8876,0
5524,0
8891,1
109,1
8207,1
6609,1
1054,1
1313,1
9491,0
670,1
253,1
7992,1
8875,1
8601,1
2692,1
7394,1
7869,0
8827,1
845,1
6092,1
6800,1
3377,1
3397,1
886,1
7300,1
8305,1
5928,1
7576,1
1881,1
8837,0
8595,1
1487,0
8374,1
2419,1
2739,0
2269,1
6106,1
3371,0
9457,1
2810,0
871,1
2470,1
5825,1
9635,1
450,1
7939,1
8669,1
1981,0
698,1
1743,1
5650,1
813,0
3287,0
2191,0
7830,1
8630,1
7969,1
506,0
3306,1
405,1
5572,0
9858,1
183,1
9973,1
1878,1
8973,1
611,1
2676,1
2035,1
5913,1
9714,1
1970,0
20,0
2220,0
8534,1
8846,0
2226,0
327,0
3273,1
2520,1
1876,0
9146,1
6653,0
9148,1
1758,0
2180,0
7785,1
10040,1
5342,1
9969,1
490,0
608,0
3215,1
2466,1
1740,1
152,1
891,1
10031,1
9715,1
3085,0
269,1
96,1
9646,1
5756,1
7884,1
5817,1
1801,0
7791,1
1574,1
7381,1
1069,0
8019,1
2762,1
9513,1
9699,1
717,0
9585,1
5991,1
8868,1
8647,1
10052,1
7318,1
7413,1
1800,1
461,1
8324,1
2947,0
1797,1
1871,0
8502,1
1347,1
7615,1
8222,1
9008,1
7848,1
1216,1
1374,1
243,0
5971,1
2801,1
1681,1
5782,1
1314,0
650,1
3241,1
2645,1
6700,1
155,0
5360,1
5385,0
1305,1
1152,1
3050,0
9057,1
1048,0
1642,1
1308,1
1929,0
8604,1
5371,1
6054,1
2246,1
3139,0
15,1
5470,0
8368,1
7803,1
2671,0
1362,1
1846,0
3101,0
1614,0
498,1
2842,1
7364,1
10066,1
5565,1
1480,0
8520,1
1097,1
543,1
9997,0
7553,1
6006,1
431,1
730,1
8335,1
9645,1
6703,1
9178,1
2563,1
1339,1
5538,1
2880,1
6706,1
1033,0
9283,1
9577,1
1112,0
1890,0
5482,1
1529,0
755,1
3052,1
2630,1
563,1
9939,1
7588,1
5494,1
252,1
2518,1
2965,1
6744,1
8325,1
8347,1
1204,0
5394,1
10050,1
2799,1
6516,0
144,1
7880,1
2898,1
2765,1
907,0
8016,0
5912,1
235,1
7981,1
